{"_wandb":{"runtime":134},"train/epoch":0.05656108597285068,"_runtime":130.713753542,"_step":9,"train/learning_rate":0.0001,"train/loss":0.7827,"_timestamp":1.736084378481051e+09,"train/global_step":500,"train/grad_norm":0.6965829133987427}