{"train/grad_norm":0.7485865950584412,"_wandb":{"runtime":170},"train/epoch":0.06221719457013575,"train/global_step":550,"train/learning_rate":0.0001,"train/loss":0.7763,"_step":10,"_timestamp":1.7360834287260191e+09,"_runtime":145.490475979}