{"train/learning_rate":0.0001,"_runtime":1417.016596425,"train/epoch":1,"train_samples_per_second":49.867,"train_steps_per_second":6.233,"train/global_step":8840,"_step":176,"_wandb":{"runtime":1422},"_timestamp":1.7360867267500808e+09,"train/loss":0.6029,"train/grad_norm":0.5812584757804871,"train_loss":0.6517374092637144,"total_flos":2.139832414175232e+16,"train_runtime":1418.1616}